EAN;Curva;Produto;Concorrente;Preço concorrente;Nosso preço;Ganhador;Melhor preço;Classificação
7896007540259;C;ABSORVENTE INTIMUS DAYS C/15 S/ABAS S/PERFUME ;Drogal;5.79;6.11;Drogal;5.79;PRINCIPAL > PERFUMARIA > HIGIENE > DESCARTAVEL-INTIMA > ABSORVENTE
7891010245603;D;ABSORVENTE OB PROCOMFORT MEDIO C/8;Drogal;14.09;10.33;DROGACENTRO;10.33;PRINCIPAL > PERFUMARIA > HIGIENE > DESCARTAVEL-INTIMA > ABSORVENTE
7899706178204;D;ANTHELIOS AE PIGMENT CLARA FPS50 40G;Drogal;134.39;139.6;Drogal;134.39;PRINCIPAL > PERFUMARIA > BELEZA > DERMOCOSMETICO
7891010974312;C;ANTISSEPTICO BUCAL LISTERINE COOL MINT REF SUAVE S/ALC 500ML;Drogaven;26.36;31.57;Drogaven;26.36;PRINCIPAL > PERFUMARIA > HIGIENE > ORAL > ANTISSEPTICO BUCAL
7702018037803;C;APARELHO DE BARBEAR GILETTE MACH 3 SENSITIVE C/ 1 UN;Drogal;34.65;25.64;DROGACENTRO;25.64;PRINCIPAL > PERFUMARIA > MASCULINO > BARBA/BIGODE > APARELHO/CARGA/LAMINA/NAVALHA
7891106908221;C;BEPANTOL BABY 60G;Drogaven;36.16;32.7;DROGACENTRO;32.7;PRINCIPAL > MEDICAMENTOS > REFERENCIA > z MIP (excluir)
7896512914231;C;CERA NUTRI UNHAS CUTICULA PINK 7G;Drogal;27.79;28.72;Drogal;27.79;PRINCIPAL > PERFUMARIA > BELEZA > MAOS > HIDRATANTE
3499320011655;C;CETAPHIL OPTIMAL HYDRATION CREME FACIAL 48G;Drogaven;111.16;139.2;Drogaven;111.16;PRINCIPAL > PERFUMARIA > BELEZA > DERMOCOSMETICO
7908615000169;B;CICAPLAST BAUME B5 20ML;Drogal;50.35;57.1;Drogal;50.35;PRINCIPAL > PERFUMARIA > BELEZA > DERMOCOSMETICO
7891350040029;D;CONDICIONADOR BOZZANO CACHOS E CRESPOS 200ML;Drogal;22.75;20.59;DROGACENTRO;20.59;PRINCIPAL > PERFUMARIA > MASCULINO > CABELO MASC > CONDICIONADOR
7891150075306;D;CONDICIONADOR DOVE HIDRA LISO 400ML;Drogal;43.95;33.9;DROGACENTRO;33.9;PRINCIPAL > PERFUMARIA > CABELO > CONDICIONADOR
7899026459649;D;CONDICIONADOR ELSEVE COLORVIVE 400ML;Drogal;38.19;36.0;DROGACENTRO;36.0;PRINCIPAL > PERFUMARIA > CABELO > CONDICIONADOR
7891033519354;C;CONDICIONADOR GLICERINA PAMPERS 200ML;Drogal;18.59;28.5;Drogal;18.59;PRINCIPAL > PERFUMARIA > INFANTIL > HIGIENE INFANTIL > CONDICIONADOR
7896000705921;C;COR&TON CREME 50GR CHOCOLATE 6.7;Drogaven;19.3;15.79;DROGACENTRO;15.79;PRINCIPAL > PERFUMARIA > CABELO > TINTURA/TONALIZANTE
7891010560737;A;COTONETE J&J C/75;Drogaven;8.81;8.27;DROGACENTRO;8.27;PRINCIPAL > PERFUMARIA > HIGIENE > DESCARTAVEL-INTIMA > HASTE/COTONETE
7899852020211;D;CREME FACIAL VULT HIDRATANTE 100G ANTISSINAIS	;Drogal;25.95;34.18;Drogal;25.95;PRINCIPAL > PERFUMARIA > BELEZA > ROSTO > CREME
7500435142168;C;CREME PENTEAR PANTENE UNIDAS PELOS CACHOS 225ML;Drogal;60.45;43.6;DROGACENTRO;43.6;PRINCIPAL > PERFUMARIA > CABELO > CREME
7908458326150;C;CREME PENTEAR SALON LINE KIDS CHOCOLATE 1KG;Drogaven;39.1;39.06;DROGACENTRO;39.06;PRINCIPAL > PERFUMARIA > INFANTIL > HIGIENE INFANTIL > CREME PENTEAR/ATIVADOR/TRATAMENTO/MASCARA
7791293033235;C;DESODORANTE DOVE AEROSOL BEAUTY FINISH;Drogaven;22.44;23.03;Drogaven;22.44;PRINCIPAL > PERFUMARIA > HIGIENE > DESODORANTE FEMININO
4005900449559;C;DESODORANTE NIVEA AERO MEN INVISIBLE FRESH BLACK&WHITE 150ML;Drogal;17.99;13.79;DROGACENTRO;13.79;PRINCIPAL > PERFUMARIA > MASCULINO > DESODORANTE MASC
7791293032498;D;DESODORANTE REXONA AEROSOL FEM BAMBOO 90G/150ML;Drogaven;19.5;20.37;Drogaven;19.5;PRINCIPAL > PERFUMARIA > HIGIENE > DESODORANTE FEMININO
7791293051581;D;DESODORANTE REXONA AEROSOL MASC BODY ACTIVE FRESH 150ML;Drogaven;25.11;20.1;DROGACENTRO;20.1;PRINCIPAL > PERFUMARIA > MASCULINO > DESODORANTE MASC
7612412156003;C;ESCOVA DENTAL CURAPROX MACIA 1560;Drogal;41.09;44.21;Drogal;41.09;PRINCIPAL > PERFUMARIA > INFANTIL > HIGIENE INFANTIL > ESCOVA DENTAL
7500435014359;C;ESCOVA DENTAL ORAL B 123 LV3 PG2;Drogal;13.15;12.32;DROGACENTRO;12.32;PRINCIPAL > PERFUMARIA > HIGIENE > ORAL > ESCOVA DENTAL
7899026414464;B;ESMALTE COLORAMA LEITE DE COCO;Drogal;6.79;5.01;DROGACENTRO;5.01;PRINCIPAL > PERFUMARIA > BELEZA > ESMALTES
7896111995303;C;ESMALTE IMPALA A COR DA SUA MODA ADMIRE;Drogal;6.39;5.27;DROGACENTRO;5.27;PRINCIPAL > PERFUMARIA > BELEZA > ESMALTES
7896877602590;A;FRALDA GERIATRICA SUAVIDADE M C/9;Drogaven;22.44;20.78;DROGACENTRO;20.78;PRINCIPAL > PERFUMARIA > HIGIENE > DESCARTAVEL-INTIMA > FRALDA GERIATRICA
7500435106665;C;FRALDA PAMPERS CONFORT SEC FORTBAG  M C/70;Drogal;79.25;106.22;Drogal;79.25;PRINCIPAL > PERFUMARIA > INFANTIL > FRALDA INFANTIL
7896222720528;C;GEL LUBRIFICANTE JONTEX NEUTRO 50G ;Drogaven;30.55;27.03;DROGACENTRO;27.03;PRINCIPAL > PERFUMARIA > MASCULINO > RELACOES INTIMAS > LUBRIFICANTE
7891150095793;D;HIDRATANTE DOVE SERUM CORPORAL DERMO REPARADOR 380ML;Drogal;53.89;51.55;DROGACENTRO;51.55;PRINCIPAL > PERFUMARIA > BELEZA > CORPO > LOCAO
7896699011099;D;KIT CONCHAS LOLLY AMAMENTA RIGIDA ;Drogal;42.69;48.47;Drogal;42.69;PRINCIPAL > PERFUMARIA > INFANTIL > ACESSORIO INFANTIL > classificar
7500435233644;D;KIT PANTENE SHAMPOO 300ML+CONDICIONADOR 150ML QUERATINA;Drogaven;44.98;41.79;DROGACENTRO;41.79;PRINCIPAL > PERFUMARIA > CABELO > KIT
7891350037456;D;KOLESTON CAST.OURO 53;Drogaven;29.3;23.78;DROGACENTRO;23.78;PRINCIPAL > PERFUMARIA > CABELO > TINTURA/TONALIZANTE
7894222020488;C;LIPT DAILUS FROZEN DE MELANCIA 02;Drogaven;19.63;26.11;Drogaven;19.63;PRINCIPAL > PERFUMARIA > BELEZA > MAOS > classificar
7898647921542;C;LIXA BELLESA BIG PARDA P/UNHA C/3 34-1542;Drogaven;4.89;3.93;DROGACENTRO;3.93;PRINCIPAL > PERFUMARIA > BELEZA > MAOS > LIXA
7896044954538;C;LOCAO HIDRATANTE GIOVANNA BABY BLUE 200ML;Drogal;12.99;23.44;Drogal;12.99;PRINCIPAL > PERFUMARIA > HIGIENE > DESODORANTE FEMININO
7891010503505;B;LOCAO HIDRATANTE J&J BABY 200ML;Drogaven;44.0;35.79;DROGACENTRO;35.79;PRINCIPAL > PERFUMARIA > INFANTIL > HIGIENE INFANTIL > classificar
7891150094932;C;MASCARA DE TRATAMENTO DOVE 10 EM 1 BRILHO 270G;Drogal;30.89;54.53;Drogal;30.89;PRINCIPAL > PERFUMARIA > CABELO > MASCARA
7891150101678;D;MASCARA TRATAMENTO SEDA CACHOS DEFINIDOS 300G;Drogal;18.89;18.88;DROGACENTRO;18.88;PRINCIPAL > PERFUMARIA > CABELO > MASCARA
7891010591007;C;NEUTROGENA SUN FRESH FPS70 200ML;Drogal;129.35;85.86;DROGACENTRO;85.86;PRINCIPAL > PERFUMARIA > BELEZA > PROTETOR PELE > classificar
4005808309436;B;NIVEA BODY MILK PELE EXTRA SECA 200ML;Drogaven;19.59;19.65;Drogaven;19.59;PRINCIPAL > PERFUMARIA > BELEZA > CORPO > HIDRATANTE
7896222718846;B;PRESERVATIVO OLLA SENSITIVE LV.8 PG.6;Drogal;28.19;21.04;DROGACENTRO;21.04;PRINCIPAL > PERFUMARIA > MASCULINO > RELACOES INTIMAS > PRESERVATIVO
7899706185769;C;PROTETOR HIDRATANTE + VITAMINA C COM COR MEDIA;Drogaven;50.24;52.58;Drogaven;50.24;PRINCIPAL > PERFUMARIA > BELEZA > PROTETOR PELE > classificar
4005900659712;C;PROTETOR NIVEA BEAUTY EXPERT FACIAL EFEITO MATTE FPS50;Drogaven;54.87;67.32;Drogaven;54.87;PRINCIPAL > PERFUMARIA > BELEZA > PROTETOR PELE > FACIAL
7896512900166;C;SABONETE GRANADO ANTISSEPTICO 90G;Drogal;9.89;9.05;DROGACENTRO;9.05;PRINCIPAL > PERFUMARIA > BELEZA > ROSTO > classificar
7898636192441;C;SABONETE LIQUIDO ASEPXIA LIMPEZA PROFUNDA 150ML;Drogaven;30.09;30.58;Drogaven;30.09;PRINCIPAL > PERFUMARIA > BELEZA > ROSTO > SABONETE LIQUIDO / ESPUMA
7891150082786;C;SABONETE LIQUIDO LUX DAMA DA NOITE 300ML;Drogal;14.25;15.86;Drogal;14.25;PRINCIPAL > PERFUMARIA > HIGIENE > CORPORAL > SABONETE LIQUIDO
4005900701367;C;SABONETE NIVEA CREME CARE C/6 UN 90G;Drogaven;24.83;25.79;Drogaven;24.83;PRINCIPAL > PERFUMARIA > HIGIENE > CORPORAL > SABONETE BARRA
7891024035528;C;SABONETE PROTEX VITAMINA E LV6 PG5 85G/510G;Drogaven;21.2;22.82;Drogaven;21.2;PRINCIPAL > PERFUMARIA > HIGIENE > CORPORAL > SABONETE BARRA
7899706190657;D;SHAMPOO DERCOS SENSI-SCALP CALM 200ML;Drogal;127.09;131.3;Drogal;127.09;PRINCIPAL > PERFUMARIA > BELEZA > DERMOCOSMETICO
7891150075238;C;SHAMPOO DOVE BABY HID GLICERINA 400ML;Drogal;25.99;22.05;DROGACENTRO;22.05;PRINCIPAL > PERFUMARIA > INFANTIL > HIGIENE INFANTIL > SHAMPOO
7899026417885;D;SHAMPOO ELSEVE COLORVIVE 400ML;Drogal;33.69;31.47;DROGACENTRO;31.47;PRINCIPAL > PERFUMARIA > CABELO > SHAMPOO 
7898924603949;C;SHAMPOO HASKELL BANANEIRA 300ML;Drogaven;58.7;48.0;DROGACENTRO;48.0;PRINCIPAL > PERFUMARIA > CABELO > SHAMPOO 
7500435154239;C;SHAMPOO PANTENE BAMBU NUTRE & CRESCE 400ML;Drogal;32.69;30.8;DROGACENTRO;30.8;PRINCIPAL > PERFUMARIA > CABELO > SHAMPOO 
7500435196970;C;SHAMPOO PANTENE COLAGENO 175ML;Drogal;18.35;17.28;DROGACENTRO;17.28;PRINCIPAL > PERFUMARIA > CABELO > SHAMPOO 
7891010020279;C;SUNDOWN FPS 50 ECON.200ML;Drogaven;73.4;56.26;DROGACENTRO;56.26;PRINCIPAL > PERFUMARIA > BELEZA > PROTETOR PELE > classificar
7702031244653;C;TALCO J&J HORA DO SONO 100G;Drogal;32.59;24.91;DROGACENTRO;24.91;PRINCIPAL > PERFUMARIA > INFANTIL > HIGIENE INFANTIL > TALCO
7896020160083;C;TENYS PE BARUEL MULHER 100G;Drogaven;15.58;14.69;DROGACENTRO;14.69;PRINCIPAL > PERFUMARIA > MASCULINO > TALCO/ANTISSEPTICO PES
7899852021362;D;VULT MASCARA CILIOS EXTREME SUPER LASHES 10G;Drogaven;60.26;47.34;DROGACENTRO;47.34;PRINCIPAL > PERFUMARIA > BELEZA > MAQUIAGEM > classificar
