EAN;Menor preço (R$);Origem;Produto;Link;Drogaven;Drogal;DrogaRaia
7891317017392;39.99;Drogal;Cloridrato de Sertralina 100mg Eurofarma 30 Comprimidos Revestidos;https://www.drogal.com.br/cloridrato-de-sertralina-100mg-eurofarma-30-comprimidos-revestidos/p;0.0;39.99;0
7896112102519;12.19;Drogal;Metronidazol 250mg Teuto 20 Comprimidos;https://www.drogal.com.br/metronidazol-250mg-teuto-20-comprimidos/p;0.0;12.19;0
7898949409762;47.89;Drogal;Gel para Cicatrizes Cicatricure Rosto e Corpo 60g;https://www.drogal.com.br/gel-para-cicatrizes-cicatricure-rosto-e-corpo-60g/p;0.0;47.89;0
3600524057336;127.79;Drogal;"Sérum Facial Antirrugas L&apos;Oréal Paris Revitalift Retinol Noturno 30ml";https://www.drogal.com.br/serum-facial-antirrugas-loreal-paris-revitalift-retinol-noturno-30ml/p;0.0;127.79;0
7791293012087;14.89;Drogal;Desodorante Antitranspirante Aerosol Dove Men+Care Cuidado Total 150ml;https://www.drogal.com.br/desodorante-antitranspirante-aerosol-dove-mencare-cuidado-total-150ml/p;0.0;14.89;0
7898560665097;174.69;Drogal;Thioctacid 600 HR 30 Comprimidos Revestidos;https://www.drogal.com.br/thioctacid-hr-600mg-30-comprimidos-revestidos/p;0.0;174.69;0
7896714274799;35.19;Drogal;Blumel Hedera 15mg/ml Xarope Pediátrico 100ml;https://www.drogal.com.br/blumel-hedera-15mgml-xarope-pediatrico-100ml/p;0.0;35.19;0
7896641813061;142.99;Drogal;Mesacol 500mg 15 Supositórios;https://www.drogal.com.br/mesacol-500mg-15-supositorios/p;0.0;142.99;0
7897322709468;40.3;Drogal;Addera D3 7.000ui 4 Comprimidos Revestidos;https://www.drogal.com.br/addera-d3-7000ui-4-comprimidos-revestidos/p;0.0;40.3;0
7891317464004;73.39;Drogal;Noex 100mcg Suspensão em Spray Nasal 100 Doses;https://www.drogal.com.br/noex-100mcg-suspensao-em-spray-nasal-100-doses/p;0.0;73.39;0
7891350040036;9.35;Drogal;Esmalte Cremoso Risqué Reinvente o Normal Padrãozinho pra Quem? 8ml;https://www.drogal.com.br/esmalte-cremoso-risque-padraozinho-pra-quem-8ml/p;0.0;9.35;0
7896004722122;12.99;Drogal;Aceclofenaco 100mg EMS 12 Comprimidos Revestidos;https://www.drogal.com.br/aceclofenaco-100mg-ems-12-comprimidos-revestidos/p;0.0;12.99;0
7896006290483;32.69;Drogal;Maxinom 1mg/g + 5mg/g + 1mg/g pomada oftálmica bisnaga com 35g;https://www.drogal.com.br/maxinom-pom-35gr/p;0.0;32.69;0
7896422522823;9.59;Drogal;Simeticona 40mg Medley 20 Comprimidos;https://www.drogal.com.br/simeticona-40mg-20-comprimidos-medley/p;0.0;9.59;0
4006000019338;17.29;Drogal;Desodorante Antitranspirante Aerossol Nivea Men Fresh Active 150ml;https://www.drogal.com.br/desodorante-antitranspirante-aerossol-nivea-men-fresh-active-150ml/p;0.0;17.29;0
7899706197502;24.99;Drogal;"Creme para Pentear Nutritivo L&apos;Oréal Paris Elseve Cachos Longos dos Sonhos 250ml";https://www.drogal.com.br/creme-para-pentear-nutritivo-loreal-paris-elseve-cachos-longos-dos-sonhos-250ml/p;0.0;24.99;0
7896006212386;37.79;Drogal;Creme Dermon sem Perfume 20g;https://www.drogal.com.br/dermon-creme-20g/p;0.0;37.79;0
7894916513166;95.69;Drogal;Bupium Xl 150mg 30 Comprimidos;https://www.drogal.com.br/bupium-xl-150mg-30-comprimidos/p;0.0;95.69;0
7891150043084;27.35;Drogal;Kit Seda Ceramidas Shampoo 325ml + Condicionador 325ml;https://www.drogal.com.br/kit-seda-ceramidas-shampoo-325ml-condicionador-325ml/p;0.0;27.35;0
7891721027451;33.89;Drogal;Glifage XR 750mg 30 Comprimidos de Liberação Prolongada;https://www.drogal.com.br/glifage-xr-750mg-30-comprimidos-de-liberacao-prolongada/p;0.0;33.89;0
7896658034978;57.69;Drogal;Solução Capilar Pant 50mg/ml Refil 50ml;https://www.drogal.com.br/solucao-capilar-pant-50mgml-refil-50ml/p;0.0;57.69;0
7891058000165;29.09;Drogal;Analgésico e Antitérmico Novalgina 500mg/ml Gotas 20ml;https://www.drogal.com.br/analgesico-e-antitermico-novalgina-500mg-ml-gotas-20ml/p;0.0;29.09;0
7897930763005;90.49;Drogal;Sabonete Líquido Dermotivin Salix 300ml;https://www.drogal.com.br/sabonete-liquido-dermotivin-salix-300ml/p;0.0;90.49;0
7897411650558;100.19;Drogal;Desventag 50mg 30 Comprimidos Revestidos de Liberação Prolongada;https://www.drogal.com.br/desventag-50mg-30-comprimidos-revestidos-de-liberacao-prolongada/p;0.0;100.19;0
7891010030452;19.99;Drogal;"Condicionador Johnson&apos;s Baby Regular 200ml";https://www.drogal.com.br/condicionador-johnsons-baby-regular-200ml/p;0.0;19.99;0
7899026420571;18.52;Drogaven;Condicionador Elseve Reparação Total 5+ 200mL;https://www.drogaven.com.br/condicionador-elseve-reparacao-total-5-200ml/p;18.52;0.0;0
7896007550463;5.55;Drogal;Protetor Diário Intimus Tecnologia Antibacteriana 15 Unidades;https://www.drogal.com.br/protetor-diario-intimus-tecnologia-antibacteriano-15-unidades/p;0.0;5.55;0
7899095203532;22.09;Drogal;Cisteil 20mg/ml Xarope Solução Oral Sabor Framboesa 120ml + 1 Copo Dosador;https://www.drogal.com.br/cisteil-20mgml-120ml/p;0.0;22.09;0
3282770391466;91.89;Drogal;Gel De Limpeza Darrow Actine Control 400ml;https://www.drogal.com.br/sabonete-liquido-darrow-actine-control-400ml/p;0.0;91.89;0
7896004726151;19.89;Drogal;Tobramicina 3mg/ml Germed Solução Oftálmica 5ml;https://www.drogal.com.br/tobramicina-3mgml-germed-solucao-oftalmica-5ml/p;0.0;19.89;0
7896658015427;59.39;Drogal;Trezor 20mg 30 Comprimidos Revestidos;https://www.drogal.com.br/trezor-20mg-30-comprimidos-revestidos/p;0.0;59.39;0
7896004731568;20.09;Drogal;Oxalato de Escitalopram 10mg EMS 30 Comprimidos Revestidos;https://www.drogal.com.br/oxalato-de-escitalopram-10mg-ems-30-comprimidos-revestidos/p;0.0;20.09;0
7891182810203;6.49;Drogal;Esmalte Cremoso Risqué Gabriela 8ml;https://www.drogal.com.br/esmalte-cremoso-risque-gabriela-8ml/p;0.0;6.49;0
7891033822317;71.99;Drogal;Protetor Solar Facial Antipoluição Australian Gold Toque Seco FPS70 50g;https://www.drogal.com.br/protetor-solar-facial-antipoluicao-australian-gold-toque-seco-fps70-50g/p;0.0;71.99;0
7891058006716;58.29;Drogal;Allegra D 60mg + 120mg 10 Comprimidos Revestidos de Camada Dupla;https://www.drogal.com.br/allegra-d-60mg-120mg-10-comprimidos-revestidos-de-camada-dupla/p;0.0;58.29;0
7896472521814;36.89;Drogal;Cloridrato de Fexofenadina 6mg/ml Nova Química Suspensão Oral Sabor Franboesa 150ml + 1 Seringa Dosadora;https://www.drogal.com.br/cloridrato-de-fexofenadina-6mg-ml-nova-quimica-suspensao-oral-sabor-franboesa-150ml--1-seringa-dosadora/p;0.0;36.89;0
7898040320973;42.69;Drogal;Abrilar 7mg/ml Xarope 100ml + Copo Medidor;https://www.drogal.com.br/abrilar-7mg-ml-xarope-100ml--copo-medidor/p;0.0;42.69;0
7897460401422;75.19;Drogal;Silimalon 70mg + 100mg 30 Comprimidos Revestidos;https://www.drogal.com.br/silimalon-30-comprimidos-revestidos/p;0.0;75.19;0
7896070600201;10.79;Drogal;Amplictil 40mg Solução Oral Gotas 20ml;https://www.drogal.com.br/amplictil-40mg-solucao-oral-gotas-20ml/p;0.0;10.79;0
7896183313821;40.29;Drogal;Sabonete Natural em Barra Giorno Bagno Flor de Laranjeira e Vetiver 3 Unidades;https://www.drogal.com.br/sabonete-natural-em-barra-giorno-bagno-flor-de-laranjeira-e-vetiver-3-unidades/p;0.0;40.29;0
4005900429643;17.29;Drogal;"Desodorante Antitranspirante Aerosol Nivea Invisible Black &amp; White Fresh 150ml";https://www.drogal.com.br/desodorante-antitranspirante-aerosol-nivea-invisible-black-white-fresh-150ml/p;0.0;17.29;0
4005900646491;69.75;Drogal;Protetor Solar Facial Nivea UV Face Q10 Anti-Idade FPS60 50ml;https://www.drogal.com.br/protetor-solar-facial-nivea-beauty-expert-pele-normal-a-seca-fps60-50g/p;0.0;69.75;0
3282770393965;76.25;Drogal;Creme Nutritivo Corporal Nutriol Intensivo 400g;https://www.drogal.com.br/creme-nutritivo-corporal-nutriol-intensivo-400g/p;0.0;76.25;0
7908458321377;15.85;Drogal;Óleo de Tratamento Capilar Salon Line SOS Cachos Super Óleos Nutrição Extraordinária 42ml;https://www.drogal.com.br/oleo-de-tratamento-capilar-salon-line-sos-cachos-super-oleos-nutricao-extraordinaria-42ml/p;0.0;15.85;0
7896548113479;24.19;Drogal;Claril Solução Oftálmica Estéril 15ml;https://www.drogal.com.br/claril-solucao-oftalmica-esteril-15ml/p;0.0;24.19;0
7896658018787;77.09;Drogal;Bravan HCT 160mg + 25mg 30 Comprimidos Revestidos;https://www.drogal.com.br/bravan-hct-160mg-25mg-30-comprimidos-revestidos/p;0.0;77.09;0
7891058005535;138.19;Drogal;Stilnox 12,5mg 28 Comprimidos de Liberação Prolongada;https://www.drogal.com.br/stilnox-125mg-28-comprimidos-de-liberacao-prolongada/p;0.0;138.19;0
7899838832845;137.29;Drogal;Inalador Compressor Neb Plus Multilaser HC110 Bivolt;https://www.drogal.com.br/inalador-compressor-neb-plus-bivolt-multilaser-hc110/p;0.0;137.29;0
7897411650787;67.54;Drogal;Benicar ODT 20mg 30 Comprimidos Orodispersíveis;https://www.drogal.com.br/benicar-odt-20mg-30-comprimidos-orodispersiveis/p;0.0;67.54;0
7896637035361;10.3;Drogal;Meclin Move 5 Comprimidos;https://www.drogal.com.br/meclin-move-5-comprimidos/p;0.0;10.3;0
7891150083615;14.89;Drogal;Condicionador Seda Juntinhos Moana Cachos Encantados 300ml;https://www.drogal.com.br/condicionador-seda-juntinhos-moana-cachos-encantados-300ml/p;0.0;14.89;0
7896671620028;25.39;Drogal;Shampoo Flores e Vegetais Jaborandi e Arnica 310ml;https://www.drogal.com.br/shampoo-flores-e-vegetais-jaborandi-e-arnica-310ml/p;0.0;25.39;0
7896094201378;59.19;Drogal;Libiam 1,25mg 28 Comprimidos;https://www.drogal.com.br/libiam-125mg-28-comprimidos/p;0.0;59.19;0
7891058021702;88.99;Drogal;Suplemento Alimentar Targifor Imunidade A-Z 60 Cápsulas;https://www.drogal.com.br/suplemento-alimentar-targifor-imunidade-a-z-60-capsulas/p;0.0;88.99;0
7500435118514;20.69;Drogal;Creme para Pentear Crespo Hidra-vitaminado Pantene 240g;https://www.drogal.com.br/cr-pt-pantene-240ml-cach-hid-v/p;0.0;20.69;0
7898099063173;3.09;Drogal;Doce de Leite Pingo de Ouro Iceali Tradicional 20g;https://www.drogal.com.br/doce-de-leite-pingo-de-ouro-iceali-tradicional-20g/p;0.0;3.09;0
7506309865393;17.99;Drogal;"Shampoo Anticaspa Head&amp;Shoulders Men 3 em 1 200ml";https://www.drogal.com.br/shampoo-cuidados-com-a-raiz-headshoulders-men-3-em-1-200ml/p;0.0;17.99;0
7896004703565;12.09;Drogal;Dexametasona 1mg/ml EMS 120ml;https://www.drogal.com.br/dexametasona-1mg-ml-ems-120ml/p;0.0;12.09;0
7896714292151;77.99;Drogal;Laxante Fitoterápico Naturetti Geleia 130g;https://www.drogal.com.br/naturetti-geleia-130g/p;0.0;77.99;0
7896226109930;185.39;Drogal;Suplemento Alimentar Caldê Max 2.000 UI 30 Comprimidos;https://www.drogal.com.br/suplemento-alimentar-calde-max-30-comprimidos-revestidos/p;0.0;185.39;0
7896714273525;15.69;Drogal;Miorrelax 30 Comprimidos Relaxante Muscular;https://www.drogal.com.br/miorrelax-30-comprimidos-relaxante-muscular/p;0.0;15.69;0
7896637023047;89.99;Drogal;Reuquinol 400mg 30 Comprimidos Revestidos;https://www.drogal.com.br/reuquinol-400mg-30-comprimidos-revestidos/p;0.0;89.99;0
7899547535693;20.29;Drogal;Ivermectina 6mg Prati-Donaduzzi 4 Comprimidos;https://www.drogal.com.br/ivermectina-6mg-prati-donaduzzi-4-comprimidos/p;0.0;20.29;0
7896658038709;155.83;Drogal;Pant Sec Solução Capilar 50mg/ml 3 Frascos 50ml + 1 Válvula Spray;https://www.drogal.com.br/pant-sec-solucao-capilar-50mgml-3-frascos-50ml-1-valvula-spray/p;0.0;155.83;0
7891033070664;41.99;Drogal;Condicionador Eudora Siàge Cica-Therapy 200ml;https://www.drogal.com.br/condicionador-siage-cica-therapy-200ml/p;0.0;41.99;0
8902220105676;29.99;Drogal;Indapen SR 1,5mg 30 Comprimidos Revestidos de Liberação Prolongada;https://www.drogal.com.br/indapen-sr-15mg-30-comprimidos-revestidos-de-liberacao-prolongada/p;0.0;29.99;0
7891317042073;5.99;Drogal;Pastilha Valda Friends Sem Açúcar Sabor Yellow Mix Frutas Amarelas 25g;https://www.drogal.com.br/pastilha-valda-friends-sem-acucar-sabor-yellow-mix-frutas-amarelas-25g/p;0.0;5.99;0
8429420079632;88.75;Drogal;Protetor Solar Corporal Isdin Fotoprotector Gel Creme FPS50 198g;https://www.drogal.com.br/protetor-solar-corporal-isdin-fotoprotector-gel-creme-fps50-198g/p;0.0;88.75;0
7896082900054;16.39;Drogal;Sabonete Barra Acnase Ação Antisséptica 110g;https://www.drogal.com.br/sabonete-barra-acnase-acao-antisseptica-110g/p;0.0;16.39;0
7896523221724;22.99;Drogal;Gel Lubrificante Íntimo K-Med 100g;https://www.drogal.com.br/gel-lubrificante-intimo-k-med-100g/p;0.0;22.99;0
7509552917406;53.69;Drogal;"Spray Magic Retouch L&apos;Oreal Paris Castanho Escuro 75ml";https://www.drogal.com.br/spray-magic-retouch-loreal-paris-castanho-escuro-75ml/p;0.0;53.69;0
7898549756617;17.39;Drogal;Sabonete Barra Acnase Ação Esfoliante 80g;https://www.drogal.com.br/sabonete-barra-acnase-acao-esfoliante-80g/p;0.0;17.39;0
7896714200125;19.79;Drogal;Neo Fedipina 20mg 30 Comprimidos;https://www.drogal.com.br/neo-fedipina-20mg-30-cpr/p;0.0;19.79;0
7791293033266;14.89;Drogal;Desodorante Antitranspirante Aerosol Dove Go Fresh Romã e Verbena 150ml;https://www.drogal.com.br/desodorante-antitranspirante-aerosol-dove-go-fresh-roma-e-verbena-150ml/p;0.0;14.89;0
7896671601782;25.39;Drogal;Shampoo Flores e Vegetais Hidratação Reparadora 310ml;https://www.drogal.com.br/shampoo-flores-e-vegetais-hidratacao-reparadora-310ml/p;0.0;25.39;0
7891800002027;48.69;Drogal;Algodão Cremer Hidrófilo Rolo 250g;https://www.drogal.com.br/algodao-cremer-rolo-250g/p;0.0;48.69;0
7897930778160;69.09;Drogal;Sabonete Facial de Limpeza Profunda Cetaphil Oil Control Antioleosidade 250ml;https://www.drogal.com.br/sabonete-facial-de-limpeza-profunda-cetaphil-oil-control-antioleosidade-250ml/p;0.0;69.09;0
7891150093256;19.99;Drogal;Kit Dove Nutrição + Fusão de Óleos Shampoo 350ml + Condicionador 175ml;https://www.drogal.com.br/kit-dove-nutricao--fusao-de-oleos-shampoo-350ml--condicionador-175ml/p;0.0;19.99;0
7896112435778;86.29;Drogal;Aradois H 50mg + 12,5mg 30 Comprimidos Revestidos;https://www.drogal.com.br/aradois-htc-50125mg-30-comprimidos/p;0.0;86.29;0
7891317014261;33.29;Drogal;Atrace 37,5mg + 325mg 10 Comprimidos Revestidos;https://www.drogal.com.br/atrace-375mg-325mg-10-comprimidos-revestidos/p;0.0;33.29;0
7896004713052;39.19;Drogal;Topiramato 50mg Germed 60 Comprimidos Revestidos;https://www.drogal.com.br/topiramato-50mg-germed-60-comprimidos-revestidos/p;0.0;39.19;0
7896523227627;15.29;Drogal;Nitrato de Miconazol 20mg/g Frasco 30ml - Cimed;https://www.drogal.com.br/nitrato-de-miconazol-20mgg-frasco-30ml-cimed/p;0.0;15.29;0
7898582380015;90.69;Drogal;Tramal Retard 100mg 10 Comprimidos Revestidos de Liberação Prolongada;https://www.drogal.com.br/tramal-100mg-10-comprimidos/p;0.0;90.69;0
7891150028470;22.89;Drogal;Loção Desodorante Hidratante Corporal Vasenol Recuperação Intensiva Repairing 200ml;https://www.drogal.com.br/locao-desodorante-hidratante-vasenol-recuperacao-intensiva-reparadora-200ml/p;0.0;22.89;0
7898185414209;27.69;Drogal;Kit Escova Dental Infantil Dentalclean Premium 3 em 1 Peppa Pig + Fio Dental 25m + Gel Dental Sabor Tutti-Frutti 50g 1 Unidade;https://www.drogal.com.br/kit-escova-dental-infantil-dentalclean-premium-3-em-1-peppa-pig-fio-dental-25m-gel-dental-sabor-tutti-frutti-50g-1-unidade/p;0.0;27.69;0
7899706188913;40.49;Drogal;"Coloração Casting Creme Gloss L&apos;Oreal 665 Framboesa";https://www.drogal.com.br/tinta-de-cabelo-casting-creme-gloss-665-framboesa-230g/p;0.0;40.49;0
5702157141920;221.39;Drogal;Brintellix 5Mg 30 comprimidos;https://www.drogal.com.br/brintellix-5-mg-30cpr-c1/p;0.0;221.39;0
7896676406177;53.29;Drogal;Dimorf 10mg 50 Cápsulas Duras;https://www.drogal.com.br/dimorf-10mg-50-capsulas-duras/p;0.0;53.29;0
7891150054462;8.89;Drogal;Shampoo Dove Hidratação 200ml;https://www.drogal.com.br/shampoo-dove-hidratacao-200ml/p;0.0;8.89;0
7896004706474;2.19;Drogal;Glibenclamida 5mg EMS 30 Comprimidos;https://www.drogal.com.br/glibenclamida-5mg-ems-30-comprimidos/p;0.0;2.19;0
7899852020570;31.39;Drogal;Base Líquida Vult Mega Matte Cor V120 Efeito Blur 26ml;https://www.drogal.com.br/base-liquida-vult-mega-matte-cor-v120-efeito-blur-26ml/p;0.0;31.39;0
7891317103323;27.99;Drogal;Betatrinta 5mg/ml + 2mg/ml Suspensão Injetável 1 Ampola de 1ml + Seringa Esterilizada com Sistema de Segurança;https://www.drogal.com.br/betatrinta-5mg-ml--2mg-ml-suspensao-injetavel-1-ampola-de-1ml--seringa-esterilizada-com-sistema-de-seguranca/p;0.0;27.99;0
5000456028370;207.79;Drogal;XigDuo XR 5mg/1000mg 60 Comprimidos Revestidos de Liberação Prolongada;https://www.drogal.com.br/xigduo-xr-5mg-1000mg-60-comprimidos-revestidos-de-liberacao-prolongada/p;0.0;207.79;0
4006000178912;20.45;Drogal;Desodorante Antitraspirante Aerossol Masculino Nivea Men Derma Control Defende 200ml;https://www.drogal.com.br/desodorante-antitraspirante-aerossol-masculino-nivea-men-derma-control-defende-200ml/p;0.0;20.45;0
7898074618442;251.05;Drogal;Ursacol 300mg 30 Comprimidos;https://www.drogal.com.br/ursacol-300mg-30-comprimidos/p;0.0;251.05;0
7898948648735;111.29;Drogal;Suplemento Alimentar Ogestan Blues 30 Cápsulas;https://www.drogal.com.br/suplemento-alimentar-ogestan-blues-30-capsulas/p;0.0;111.29;0
7896255766791;139.49;Drogal;Creon 25.000ui 30 Cápsulas;https://www.drogal.com.br/creon25000ui30capsulas/p;0.0;139.49;0
7898422746759;4.99;Drogal;Sabonete em Barra Dove Original 90g;https://www.drogal.com.br/sabonete-em-barra-dove-original-90g/p;0.0;4.99;0
7898079001386;36.65;Drogal;Preservativo Prudence Super Sensitive 12 Unidades;https://www.drogal.com.br/preservativo-prudence-super-sensitive-12-unidades/p;0.0;36.65;0
7891317009892;80.19;Drogal;Trimeb 200mg 30 Cápsulas Moles;https://www.drogal.com.br/trimeb-200mg-30-capsulas-moles/p;0.0;80.19;0
7897947600713;27.99;Drogal;Hidratante Labial Carmed Ácido Hialurônico 10g;https://www.drogal.com.br/hidratante-labial-carmed-acido-hialuronico-10g/p;0.0;27.99;0
7896181909118;133.99;Drogal;Dermomax 4% Creme Dermatológico 30g;https://www.drogal.com.br/dermomax-4-creme-dermatologico-30g/p;0.0;133.99;0
7896676427844;32.79;Drogal;Kollagenase com Cloranfenicol 10mg/g + 0,6UI/g 15g Pomada de Uso Dermatológico;https://www.drogal.com.br/kollagenase-com-cloranfenicol-10mg-06uig-pomada-bisnaga-com-15g/p;0.0;32.79;0
7896699019989;40.35;Drogal;Bomba Manual Tira Leite Lolly 70ml;https://www.drogal.com.br/bomba-tira-leite-lolly-70ml/p;0.0;40.35;0
7896672204142;90.09;Drogal;Suplemento Alimentar Forten Energy Sabor Limão com Framboesa 10 Flaconetes 20ml Cada;https://www.drogal.com.br/suplemento-alimentar-forten-energy-sabor-limao-com-framboesa-10-flaconetes-20ml-cada/p;0.0;90.09;0
7899095245686;14.49;Drogal;Colchicina 0,5mg Geolab 30 Comprimidos;https://www.drogal.com.br/colchicina-05mg-30-comprimidos-geolab/p;0.0;14.49;0
7896548198292;30.55;Drogal;Maxidex 1mg/g Pomada Oftálmica Estéril 3,5g;https://www.drogal.com.br/maxidex-1mg-g-pomada-oftalmica-esteril-35g/p;0.0;30.55;0
7891000073100;29.29;Drogal;Cereal Infantil Mucilon Arroz e Aveia 600g;https://www.drogal.com.br/cereal-infantil-mucilon-arroz-e-aveia-600g/p;0.0;29.29;0
7896342451548;49.05;Drogal;Munhequeira Elástica Ajústável Mercur Cor Bege 1 Par;https://www.drogal.com.br/munhequeira-elastica-ajustavel-mercur-cor-bege-1-par/p;0.0;49.05;0
7891058001667;17.09;Drogal;Cloridrato de Amiodarona 100mg 30 Comprimidos - Medley (G);https://www.drogal.com.br/cloridratodeamiodarona100mg30comprimidosmedleyg/p;0.0;17.09;0
7891317002862;79.09;Drogal;Pondera XR 12,5mg 30 Comprimidos Revestidos Liberação Controlada;https://www.drogal.com.br/pondera-xr-125mg-30-comprimidos-revestidos-liberacao-controlada/p;0.0;79.09;0
7896004718453;13.29;Drogal;Clotrimazol 10mg/g EMS Creme Dermatológico 20g;https://www.drogal.com.br/clotrimazol-10mgg-ems-creme-dermatologico-20g/p;0.0;13.29;0
7891350046083;6.76;Drogaven;ESMALTE RISQUE CHILLI BEANS METAL ASAS PARA LIBERDADE;https://www.drogaven.com.br/esmalte-risque-chilli-beans-metal-asas-para-liberdade/p;6.76;0.0;0
7896004702049;15.19;Drogal;Benzoilmetronidazol 40mg/ml EMS Suspensão Oral 120ml;https://www.drogal.com.br/benzoilmetronidazol-40mg-ml-ems-suspensao-oral-120ml/p;0.0;15.19;0
7891150083073;9.49;Drogal;Sabonete Líquido Rexona Antibacterial Erva-Doce 250ml;https://www.drogal.com.br/sabonete-liquido-rexona-antibacterial-erva-doce-250ml/p;0.0;9.49;0
7891150081314;22.44;Drogaven;Desodorante Antitranspirante Rexona Men V8 aerossol 250mL;https://www.drogaven.com.br/desodorante-antitranspirante-rexona-men-v8-aerossol-250ml/p;22.44;0.0;0
7896676435214;26.69;Drogal;Mirugell Solução Oftálmica Estéril 5ml;https://www.drogal.com.br/mirugell-solucao-oftalmica-esteril-5ml/p;0.0;26.69;0
7896094921122;105.09;Drogal;Addera Cal 2.000UI 30 Comprimidos Revestidos;https://www.drogal.com.br/addera-cal-2000ui-30-comprimidos-revestidos/p;0.0;105.09;0
7891317015121;36.59;Drogal;Mantidan 100mg 30 Comprimidos;https://www.drogal.com.br/mantidan-100mg-30-comprimidos/p;0.0;36.59;0
7896226110455;152.99;Drogal;Suplemento Alimentar Dozemast NP 60 Comprimidos;https://www.drogal.com.br/suplemento-alimentar-dozemast-np-60-comprimidos/p;0.0;152.99;0
7891010253691;18.95;Drogal;"Sabonete Líquido Johnson&apos;s Kids Limpeza Super Poderosa 200ml";https://www.drogal.com.br/sabonete-liquido-johnsons-kids-limpeza-super-poderosa-200ml/p;0.0;18.95;0
7899420507984;30.89;Drogal;Ultrox 10mg 10 Comprimidos Sublinguais;https://www.drogal.com.br/ultrox-10mg-10-comprimidos-sublinguais/p;0.0;30.89;0
7896658033414;47.69;Drogal;Suplemento Alimentar Prolive 6 Cápsulas;https://www.drogal.com.br/suplemento-alimentar-prolive-6-capsulas/p;0.0;47.69;0
7891317013981;58.49;Drogal;Ária 4mg 30 Comprimidos Mastigáveis;https://www.drogal.com.br/aria-4mg-30-comprimidos-mastigaveis/p;0.0;58.49;0
7898079000235;22.29;Drogal;Preservativo Prudence Neon 3 unidades;https://www.drogal.com.br/preservativoprudenceneon3unidades/p;0.0;22.29;0
7896637030861;134.9;Drogal;Motilex Caps 60 Cápsulas;https://www.drogal.com.br/motilex-caps-60-capsulas/p;0.0;134.9;0
7896006298564;39.39;Drogal;Vodol 20mg/ml Spray 60ml;https://www.drogal.com.br/vodol-spray-60ml/p;0.0;39.39;0
7898430191923;49.79;Drogal;Tilestal 37,5mg + 325mg 20 Comprimidos Revestidos;https://www.drogal.com.br/tilestal-375mg-325mg-20-comprimidos-revestidos/p;0.0;49.79;0
7896672203336;201.96;Drogal;Fostair HFA 100/6mcg Solução Aerossol Inalatório 120 Doses + Contador de Dose;https://www.drogal.com.br/fostair-hfa-100-6mcg-solucao-aerossol-inalatorio-120-doses--contador-de-dose/p;0.0;201.96;0
7899420508448;58.49;Drogal;Azod 100mg 30 Comprimidos Revestidos;https://www.drogal.com.br/azod-100mg-30-comprimidos-revestidos/p;0.0;58.49;0
7898940448128;44.39;Drogal;Akineton 2mg caixa com 80 comprimidos;https://www.drogal.com.br/akineton-2mg-80-cpr-c1/p;0.0;44.39;0
7896671693107;16.59;Drogal;Condicionador Flores e Vegetais Detox Capilar 310ml;https://www.drogal.com.br/condicionador-flores-e-vegetais-detox-capilar-310ml/p;0.0;16.59;0
7891350045253;8.15;Drogal;Esmalte Cremoso Risqué Manicores Um Dia Amadureço 8ml;https://www.drogal.com.br/esmalte-cremoso-risque-manicores-um-dia-amadureco-8ml/p;0.0;8.15;0
7612412396003;36.25;Drogal;Escova Dental Curaprox 3960 Super Soft;https://www.drogal.com.br/escova-dental-curaprox-3960-super-soft/p;0.0;36.25;0
78911239;18.79;Drogal;Inalador para Congestão Nasal Vick 1 Unidade 0,5g;https://www.drogal.com.br/inalador-para-congestao-nasal-vick-1-unidade-05g/p;0.0;18.79;0
7896112401469;17.46;Drogal;Atenolol 50mg 30 Comprimidos - Biolab;https://www.drogal.com.br/atenolol-50mg-30-comprimidos-biolab/p;0.0;17.46;0
7891058021597;21.99;Drogal;Anador 500mg 24 Comprimidos;https://www.drogal.com.br/anador-500mg-24-comprimidos/p;0.0;21.99;0
7891317029951;32.69;Drogal;Suplemento Vitamínico Maq Sênior 30 Comprimidos;https://www.drogal.com.br/suplemento-vitaminico-maq-senior-30-comprimidos/p;0.0;32.69;0
7896658024955;62.99;Drogal;Bravan Duo 160mg + 5mg 30 Comprimidos Revestidos;https://www.drogal.com.br/bravan-duo-160mg-5mg-30-comprimidos-revestidos/p;0.0;62.99;0
7899420503221;83.09;Drogal;Asea HCT 20mg + 12,5mg 30 Comprimidos Revestidos;https://www.drogal.com.br/asea-hct-20mg-125mg-30-comprimidos-revestidos/p;0.0;83.09;0
7702018382330;37.99;Drogal;Carga para Aparelho de Barbear Gillette Proshield 2 Unidades;https://www.drogal.com.br/carga-para-aparelho-de-barbear-gillette-proshield-2-unidades/p;0.0;37.99;0
7896658027796;125.29;Drogal;Colidis Solução Oral 5ml;https://www.drogal.com.br/colidis-solucao-oral-5ml/p;0.0;125.29;0
7896658018763;73.09;Drogal;Bravan HCT 160mg + 12,5mg 30 Comprimidos Revestidos;https://www.drogal.com.br/bravan-hct-160mg-125mg-30-comprimidos-revestidos/p;0.0;73.09;0
7896094917866;218.49;Drogal;Addera D3 50.000ui 8 Comprimidos Revestidos;https://www.drogal.com.br/addera-d3-50000ui-8-comprimidos-revestidos/p;0.0;218.49;0
7896094210738;121.19;Drogal;Glink Met 2,5/1000mg 60 Comprimidos Revestidos;https://www.drogal.com.br/glink-met-25-1000mg-60-comprimidos-revestidos/p;0.0;121.19;0
7896671692827;31.75;Drogal;Shampoo Flores e Vegetais Cinza Platinado 310ml;https://www.drogal.com.br/shampoo-flores-e-vegetais-cinza-platinado-310ml/p;0.0;31.75;0
7891024174135;16.85;Drogal;Shampoo Palmolive Naturals Kids Todo Tipo de Cabelo 350ml;https://www.drogal.com.br/shampoo-palmolive-naturals-kids-todo-tipo-de-cabelo-350ml/p;0.0;16.85;0
7899706180887;25.29;Drogal;"Água Micelar L&apos;Óréal Paris Efeito Matte 200ml";https://www.drogal.com.br/agua-micelar-loreal-paris-efeito-matte-200ml/p;0.0;25.29;0
7894916500333;47.59;Drogal;Neutrofer 300mg frasco com 30 comprimidos;https://www.drogal.com.br/neutrofer-300mg-30-cpr/p;0.0;47.59;0
7896676433395;25.29;Drogal;Tobracin 3mg/g Latinofarma Solução Oftálmica 5ml;https://www.drogal.com.br/tobracin-3mgg-latinofarma-solucao-oftalmica-5ml/p;0.0;25.29;0
7896094210080;105.99;Drogal;Plenance Eze 20/10mg com 30 Comprimidos Libbs;https://www.drogal.com.br/plenance-eze-2010mg-30-comprimidos/p;0.0;105.99;0
7898623952393;16.65;Drogal;Condicionador Salon Line Meu Liso Muito + Liso 300ml;https://www.drogal.com.br/condicionador-salon-line-meu-liso-amido-de-milho-300ml/p;0.0;16.65;0
7896676422269;39.69;Drogal;Amytril 25mg cx 30 comp rev;https://www.drogal.com.br/amytril-25mg-30-cpr-c1/p;0.0;39.69;0
7896261015609;218.05;Drogal;Exforge HCT 160mg + 12,5mg + 10mg com 28 Comprimidos Revestidos;https://www.drogal.com.br/exforge-hct-160mg-125mg-10mg-28-comprimidos-revestidos/p;0.0;218.05;0
7899706171601;40.38;Drogaven;Hidratante Facial L'Oréal Revitalift Hialurônico Diurno FPS 20 com 50mL;https://www.drogaven.com.br/hidratante-facial-loreal-revitalift-hialuronico-diurno-fps-20-com-50ml/p;40.38;0.0;0
7896004762951;75.63;Drogaven;Lubrificante Ocular Adaptis Fresh 10mL;https://www.drogaven.com.br/lubrificante-ocular-adaptis-fresh-10ml/p;75.63;0.0;0
7896007549269;69.48;Drogaven;Fralda Descartável Huggies Tripla Proteção Hiper G 78 Unidades;https://www.drogaven.com.br/fralda-descartavel-huggies-disney-baby-tripla-protecao-g-pacote-com-78-unidades/p;69.48;0.0;0
7896311707898;39.1;Drogaven;Maltodextrin Integralmedica guaraná, sachê com 1Kg;https://www.drogaven.com.br/maltodextrin-integralmedica-guarana-sache-com-1kg/p;39.1;0.0;0
7896015591007;14.83;Drogaven;Creme Fixador de Dentadura Corega Ultra sem sabor 8,5g;https://www.drogaven.com.br/creme-fixador-de-dentadura-corega-ultra-sem-sabor-85g/p;14.83;0.0;0
7896255716987;55.67;Drogaven;Synthroid 150mcg, 30 comprimidos;https://www.drogaven.com.br/synthroid-150mcg-30-comprimidos/p;55.67;0.0;0
7898430193026;117.2;Drogaven;Dprev 50000UI, 8 comprimidos revestidos;https://www.drogaven.com.br/dprev-50000ui-8-comprimidos-revestidos/p;117.2;0.0;0
7897947620940;68.5;Drogaven;Carmed Body Splash Nas Nuvens 200mL;https://www.drogaven.com.br/carmed-body-splash-200ml-nas-nuvens/p;68.5;0.0;0
7896222720009;12.64;Drogaven;Preservativo Jontex sensitive, pacote com 3 unidades;https://www.drogaven.com.br/preservativo-jontex-sensitive-pacote-com-3-unidades/p;12.64;0.0;0
7891142142214;40.22;Drogaven;Diprosalic 0,64mg/g + 30mg/g, bisnaga com 30g de pomada de uso dermatológico;https://www.drogaven.com.br/diprosalic-064mgg-30mgg-bisnaga-com-30g-de-pomada-de-uso-dermatologico/p;40.22;0.0;0
7894222033440;7.83;Drogaven;Esmalte Top Coat Holográfico Dailus Feat. LuÍsa Sonza modo turbo;https://www.drogaven.com.br/esmalte-top-coat-holografico-dailus-feat-luisa-sonza-modo-turbo/p;7.83;0.0;0
8902220119574;28.05;Drogaven;Gliclazida Torrent 30mg, 30 comprimidos de liberação prolongada;https://www.drogaven.com.br/gliclazida-torrent-30mg-30-comprimidos-de-liberacao-prolongada/p;28.05;0.0;0
7896658003653;42.49;Drogaven;Combiron Fólico 45 comprimidos revestidos;https://www.drogaven.com.br/combiron-folico-45-comprimidos-revestidos/p;42.49;0.0;0
7898074613010;177.43;Drogaven;Fisiogen Ferro Forte, 30 cápsulas;https://www.drogaven.com.br/fisiogen-ferro-forte-30-capsulas/p;177.43;0.0;0
7896902204942;30.14;Drogaven;PROTETOR SOLAR SUNLESS FACIAL FPS50 BASE BEGE CLARO 60G;https://www.drogaven.com.br/protetor-solar-sunless-facial-fps50-base-bege-claro-60g/p;30.14;0.0;0
7899898404860;13.28;Drogaven;MUNHEQUEIRA C/POSICIONADOR BEGE MOVA;https://www.drogaven.com.br/munhequeira-cposicionador-bege-mova/p;13.28;0.0;0
7896902210608;3.42;Drogaven;Água Oxigenada Cremosa Farmax 30 volumes com 90mL;https://www.drogaven.com.br/agua-oxigenada-cremosa-farmax-30-volumes-com-90ml/p;3.42;0.0;0
78938823;3.06;Drogaven;Bala Halls Mentol (28g);https://www.drogaven.com.br/bala-halls-mentol-28g/p;3.06;0.0;0
7896000722577;20.09;Drogaven;Kit Niely Gold Nutrição Poderosa shampoo com 300mL + condicionador com 200mL;https://www.drogaven.com.br/kit-niely-gold-nutricao-poderosa-shampoo-com-300ml-condicionador-com-200ml/p;20.09;0.0;0
7896094208506;86.59;Drogaven;Natifa Pro UBD 0,5mg + 0,1mg, 28 comprimidos revestidos;https://www.drogaven.com.br/natifa-pro-ubd-05mg-01mg-28-comprimidos-revestidos/p;86.59;0.0;0
7891463000859;1.27;Drogaven;Seringa BD Luer Slip com agulha capacidade de 1mL;https://www.drogaven.com.br/seringa-bd-luer-slip-com-agulha-capacidade-de-1ml/p;1.27;0.0;0
7896658004391;304.91;Drogaven;Artrolive 500mg + 400mg, 90 cápsulas gelatinosas duras;https://www.drogaven.com.br/artrolive-500mg-400mg-90-capsulas-gelatinosas-duras/p;304.91;0.0;0
7891350043013;6.76;Drogaven;Esmalte Risqué Doritos Sou Triagulum 8ml;https://www.drogaven.com.br/esmalte-risque-doritos-triangulum/p;6.76;0.0;0
7896902206458;5.27;Drogaven;Sal Amargo Farmax para Solução de Uso Oral (30g de Pó);https://www.drogaven.com.br/sal-amargo-farmax-30g-de-po-para-solucao-de-uso-oral/p;5.27;0.0;0
7898919412341;10.68;Drogaven;Hidratante Corporal Monange Hidratação Nutritiva iogurte e aveia com 200mL;https://www.drogaven.com.br/hidratante-corporal-monange-hidratacao-nutritiva-iogurte-e-aveia-com-200ml/p;10.68;0.0;0
7896075707141;12.73;Drogaven;Alicate de Cutícula Merheje Basic rosa com 1 unidade + espátula, grátis;https://www.drogaven.com.br/alicate-cuticula-merheje-basic-c-espatula/p;12.73;0.0;0
7896212428861;49.69;Drogaven;Tylenol Bebê 100mg/mL, frasco com 15mL de suspensão de uso oral + seringa dosadora;https://www.drogaven.com.br/tylenol-bebe-100mgml-frasco-com-15ml-de-suspensao-de-uso-oral-seringa-dosadora/p;49.69;0.0;0
78905108;18.09;Drogaven;Pomada Minancora 20% + 0,5% + 5%, pote com 30g de pomada dermatológica;https://www.drogaven.com.br/pomada-minancora-20-05-5-pote-com-30g-de-pomada-dermatologica/p;18.09;0.0;0
7894916515214;282.54;Drogaven;Condres Ultra EMS 90 cápsulas;https://www.drogaven.com.br/condres-ultra-ems-90-capsulas/p;282.54;0.0;0
7891058002596;16.44;Drogaven;Allegra 120mg, 2 comprimidos revestidos;https://www.drogaven.com.br/allegra-120mg-2-comprimidos-revestidos/p;16.44;0.0;0
7500435129374;22.53;Drogaven;Desodorante Antitranspirante Feminino Secret Invisible Powder Protect Cotton gel, stick com 45g;https://www.drogaven.com.br/desodorante-antitranspirante-feminino-secret-invisible-powder-protect-cotton-gel-stick-com-45g/p;22.53;0.0;0
7898301059871;19.59;Drogaven;Kit para Nebulização Adulto G-Tech 1 Unidade;https://www.drogaven.com.br/kit-para-nebulizacao-adulto-g-tech-1-unidade/p;19.59;0.0;0
7896422504614;40.66;Drogaven;OMEPRAZOL 40MG 7CPR MEDLEY GENERICO;https://www.drogaven.com.br/omeprazol-40mg-7cpr-medley-generico/p;40.66;0.0;0
7897411610675;95.75;Drogaven;Benicar HCT 40mg + 12,5mg, 30 comprimidos revestidos;https://www.drogaven.com.br/benicar-hct-40mg-125mg-30-comprimidos-revestidos/p;95.75;0.0;0
7898632473070;32.33;Drogaven;LABOTRAT AMOLECEDOR CRAVOS E ESPINHAS 50G;https://www.drogaven.com.br/labotrat-amolecedor-cravos-e-espinhas-50g/p;32.33;0.0;0
7896224410670;5.67;Drogaven;Algodão Apolo disco, branco com 35g;https://www.drogaven.com.br/algodao-apolo-disco-branco-com-35g/p;5.67;0.0;0
7894222021850;16.07;Drogaven;Batom Cremoso Vegano Dailus nº 07 divina;https://www.drogaven.com.br/batom-cremoso-vegano-dailus-no-07-divina/p;16.07;0.0;0
7891106006491;17.25;Drogaven;FLANAX 275MG 20CPR;https://www.drogaven.com.br/flanax-275mg-20cpr/p;17.25;0.0;0
7897137900401;120.54;Drogaven;Hylo-Gel 2mg/mL, frasco com 10mL de solução de uso oftálmico;https://www.drogaven.com.br/hylo-gel-2mgml-frasco-com-10ml-de-solucao-de-uso-oftalmico/p;120.54;0.0;0
7896676433029;46.39;Drogaven;Oftpred 10mg/mL, frasco com 5mL de suspensão de uso oftálmico;https://www.drogaven.com.br/oftpred-10mgml-frasco-com-5ml-de-suspensao-de-uso-oftalmico/p;46.39;0.0;0
7896020162728;20.28;Drogaven;Shampoo Baruel Baby Suave (400mL);https://www.drogaven.com.br/shampoo-baruel-baby-suave-400ml/p;20.28;0.0;0
7896018700536;10.68;Drogaven;Lenço Umedecido Íntimo Intimus sem perfume, 16 unidades;https://www.drogaven.com.br/lenco-umedecido-intimo-intimus-sem-perfume-16-unidades/p;10.68;0.0;0
7891106006507;25.01;Drogaven;Flanax 550mg, caixa com 10 comprimidos revestidos;https://www.drogaven.com.br/flanax-550mg-10cpr/p;25.01;0.0;0
7891010256784;21.76;Drogaven;ENXAGUANTE BUCAL LISTERINE 250ML ESPECIAL TARTAR CONTROL;https://www.drogaven.com.br/enxaguante-bucal-listerine-250ml-especial-tartar-control/p;21.76;0.0;0
7895858015664;19.59;Drogaven;Leite de Magnésia de Phillips 1214,25mg/15mL, frasco com 120mL de suspensão de uso oral, sabor hortelã;https://www.drogaven.com.br/leite-de-magnesia-de-phillips-121425mg15ml-frasco-com-120ml-de-suspensao-de-uso-oral-sabor-hortela/p;19.59;0.0;0
7891010987787;32.9;Drogaven;ENXAGUANTE BUCAL LISTERINE 500ML ESPEC.ZERO ANTICARIES;https://www.drogaven.com.br/enxaguante-bucal-listerine-500ml-especzero-anticaries/p;32.9;0.0;0
7896658001680;40.67;Drogaven;Vita E 400mg, caixa contendo 30 cápsulas gelatinosas moles;https://www.drogaven.com.br/vita-e-400mg-caixa-contendo-30-capsulas-gelatinosas-moles/p;40.67;0.0;0
7898903991494;87.12;Drogaven;PRESERVATIVO MADEITEX GINECOLOGICO NAO LUBRIFICADO 144UN;https://www.drogaven.com.br/preservativo-madeitex-ginecologico-nao-lubrificado-144un/p;87.12;0.0;0
8902220109506;39.51;Drogaven;Rosucor 10mg, 30 comprimidos revestidos;https://www.drogaven.com.br/rosucor-10mg-30-comprimidos-revestidos/p;39.51;0.0;0
7891010986155;32.29;Drogaven;Tylenol Comprimido 500mg, 20 comprimidos revestidos;https://www.drogaven.com.br/tylenol-comprimido-500mg-20-comprimidos-revestidos/p;32.29;0.0;0
7894900320015;4.9;Drogaven;Refrigerante Schweppes citrus, lata com 350mL;https://www.drogaven.com.br/refrigerante-schweppes-citrus-lata-com-350ml/p;4.9;0.0;0
7500435132749;37.15;Drogaven;Fralda Pampers Supersec XG, pacote com 22 unidades;https://www.drogaven.com.br/fralda-pampers-supersec-xg-pacote-com-22-unidades/p;37.15;0.0;0
7908512700810;15.67;Drogaven;Pomada Bio Instinto FisioFort+ Premium 150g;https://www.drogaven.com.br/pomada-massageadora-bio-instinto-fisiofort-premium-bisnaga-com-150g/p;15.67;0.0;0
7896331702835;28.11;Drogaven;Glyteol 13,33mg/mL, 100mL de xarope + copo medidor (sabor morango);https://www.drogaven.com.br/glyteol-13-33mg-ml-100ml-de-xarope-copo-medidor-sabor-morango-/p;28.11;0.0;0
7891040137077;18.28;Drogaven;Fita Protetora para os Pés Nexcare transparente 25mm x 3m;https://www.drogaven.com.br/fita-protetora-para-os-pes-nexcare-transparente-25mm-x-3m/p;18.28;0.0;0
7891150037397;12.64;Drogaven;Shampoo Seda Ceramidas 325mL;https://www.drogaven.com.br/shampoo-seda-ceramidas-325ml/p;12.64;0.0;0
7896331705140;25.33;Drogaven;Solução Bucal Periotrat sem álcool, menta 250mL;https://www.drogaven.com.br/solucao-bucal-periotrat-sem-alcool-menta-250ml/p;25.33;0.0;0
7899706194013;114.56;Drogaven;Protetor Solar Facial Vichy Capital Soleil UV-Age Daily nº 2.0, FPS 60 com 40g;https://www.drogaven.com.br/protetor-solar-facial-vichy-capital-soleil-uv-age-daily-no-20-fps-60-com-40g/p;114.56;0.0;0
7891158028137;76.69;Drogaven;PediaSure Complete chocolate, lata com 400g;https://www.drogaven.com.br/pediasure-complete-chocolate-lata-com-400g/p;76.69;0.0;0
7897947615397;19.59;Drogaven;Sabonete Íntimo Dermafeme fresh, líquido, 2 unidades com 200mL cada;https://www.drogaven.com.br/dermafeme-2-frascos-x-200ml-sabonete-intimo-fresh/p;19.59;0.0;0
7897851260041;39.1;Drogaven;Divelol 25mg, 30 comprimidos;https://www.drogaven.com.br/divelol-25mg-30-comprimidos/p;39.1;0.0;0
7898903991524;3.91;Drogaven;PRESERVATIVOS RILEX LUBRIFICADO 3UN TUTIFRUTI...;https://www.drogaven.com.br/preservativos-rilex-lubrificado-3un-tutifruti/p;3.91;0.0;0
7899621108904;8.33;Drogaven;Barra Atlhetica Nutrition Best Whey Bar 10g Protein cookies cream 32g;https://www.drogaven.com.br/barra-atlhetica-nutrition-best-whey-bar-10g-protein-cookies-cream-32g/p;8.33;0.0;0
7891528038827;8.72;Drogaven;Gel Dental Infantil Tandy tutti-frutti, 50g;https://www.drogaven.com.br/gel-dental-infantil-tandy-tutti-frutti-50g/p;8.72;0.0;0
7891058017507;20.48;Drogaven;Dorflex 300mg + 35mg + 50mg, 36 comprimidos;https://www.drogaven.com.br/dorflex-300mg-35mg-50mg-36-comprimidos/p;20.48;0.0;0
7896004700953;59.93;Drogaven;Pentoxifilina EMS 400mg, 20 comprimidos revestidos de liberação prolongada;https://www.drogaven.com.br/pentoxifilina-ems-400mg-20-comprimidos-revestidos-de-liberacao-prolongada/p;59.93;0.0;0
7896676435672;62.82;Drogaven;Lunah 2mg/mL, frasco com 10mL de solução de uso oftálmico;https://www.drogaven.com.br/lunah-2mgml-frasco-com-10ml-de-solucao-de-uso-oftalmico/p;62.82;0.0;0
7896422506236;16.93;Drogaven;Dipirona Monoidratada Medley 500mg/mL, frasco gotejador com 20mL de solução oral;https://www.drogaven.com.br/dipirona-gotas-20ml-medley-generico/p;16.93;0.0;0
7896658036392;125.14;Drogaven;ProHN 30 cápsulas;https://www.drogaven.com.br/prohn-30-capsulas/p;125.14;0.0;0
7896015518370;22.44;Drogaven;Sal de Frutas Eno frasco com 100g de pó efervescente de uso oral, limão;https://www.drogaven.com.br/sal-de-frutas-eno-frasco-com-100g-de-po-efervescente-de-uso-oral-limao/p;22.44;0.0;0
7899706244107;27.34;Drogaven;Shampoo Elseve Pure Hialurônico Hidra Purificante 400mL;https://www.drogaven.com.br/shampoo-elseve-pure-hialuronico-hidra-purificante-400ml/p;27.34;0.0;0
7896004713373;48.76;Drogaven;Acetilcisteína Germed Pharma 40mg/mL, frasco com 120mL de xarope adulto + copo medidor, sabor framboesa;https://www.drogaven.com.br/acetilcisteina-germed-pharma-40mgml-frasco-com-120ml-de-xarope-adulto-copo-medidor-sabor-framboesa/p;48.76;0.0;0
7622210573353;5.37;Drogaven;Barra de Chocolate Laka 34g;https://www.drogaven.com.br/barra-de-chocolate-laka-34g/p;5.37;0.0;0
7891350034295;4.89;Drogaven;Esmalte Cremoso Risqué linda, leve e nude;https://www.drogaven.com.br/esmalte-cremoso-risque-linda-leve-e-nude/p;4.89;0.0;0
7891182016407;25.23;Drogaven;Tintura Wella Koleston nº 81 louro cinza claro;https://www.drogaven.com.br/tintura-wella-koleston-no-81-louro-cinza-claro/p;25.23;0.0;0
7896004722177;47.85;Drogaven;Hemifumarato de Bisoprolol EMS 2,5mg, 30 comprimidos revestidos;https://www.drogaven.com.br/hemifumarato-de-bisoprolol-ems-25mg-30-comprimidos-revestidos/p;47.85;0.0;0
7898556754354;58.79;Drogaven;Máscara Umectante Lowell Cacho Mágico 240g;https://www.drogaven.com.br/mascara-umectante-lowell-cacho-magico-240g/p;58.79;0.0;0
7891317477202;67.47;Drogaven;Piemonte 4mg, 30 comprimidos mastigáveis;https://www.drogaven.com.br/piemonte-4mg-30-comprimidos-mastigaveis/p;67.47;0.0;0
7891317003050;79.74;Drogaven;Mesilato de Doxazosina Eurofarma 4mg, 30 comprimidos;https://www.drogaven.com.br/mesilato-de-doxazosina-eurofarma-4mg-30-comprimidos/p;79.74;0.0;0
7892828000620;101.7;Drogaven;Organoneuro Cerebral 100mg + 100mg + 25mg + 10mg + 5mg, frasco com 25 drágeas;https://www.drogaven.com.br/organoneuro-cerebral-100mg-100mg-25mg-10mg-5mg-frasco-com-25-drageas/p;101.7;0.0;0
4005900396938;13.71;Drogaven;Desodorante Masculino Nivea Men Original Protect Aerossol 150mL;https://www.drogaven.com.br/desodorante-antitranspirante-masculino-nivea-men-original-protect-aerossol-150ml/p;13.71;0.0;0
7506306244177;17.14;Drogaven;Desodorante Antitranspirante Feminino Rexona Motionsense Antibacterial + Invisible aerossol 150mL;https://www.drogaven.com.br/desodorante-antitranspirante-feminino-rexona-motionsense-antibacterial-invisible-aerossol-150ml/p;17.14;0.0;0
7891150083646;9.5;Drogaven;Creme de Pentear Seda Juntinhos Cachos Encantados Moana 300mL;https://www.drogaven.com.br/creme-de-pentear-seda-juntinhos-cachos-encantados-moana-300ml/p;9.5;0.0;0
7899706135795;53.6;Drogaven;LOREAL SOLAR 50 EXPERTISE SUP PROT 120ML;https://www.drogaven.com.br/loreal-solar-50-expertise-sup-prot-120ml/p;53.6;0.0;0
7896112422174;120.44;Drogaven;Novanlo 2,5mg, 90 comprimidos;https://www.drogaven.com.br/novanlo-25mg-90-comprimidos/p;120.44;0.0;0
7899470807997;26.29;Drogaven;Kalonat frasco com 10mL de solução de uso dermatológico;https://www.drogaven.com.br/kalonat-frasco-com-10ml-de-solucao-de-uso-dermatologico/p;26.29;0.0;0
7891150008151;17.53;Drogaven;Shampoo Feminino Anticaspa Clear Hidratação Intensa 200mL;https://www.drogaven.com.br/shampoo-feminino-anticaspa-clear-hidratacao-intensa-200ml/p;17.53;0.0;0
7896046300067;51.07;Drogaven;Vidisic 2mg/ml gel oftálmico tubo com 10g;https://www.drogaven.com.br/vidisic-2mgml-gel-oftalmico-tubo-com-10g/p;51.07;0.0;0
7897322709727;38.77;Drogaven;Addera D3 Cápsulas 7000UI, 4 cápsulas moles;https://www.drogaven.com.br/addera-d3-capsulas-7000ui-4-capsulas-moles/p;38.77;0.0;0
7895858005962;49.21;Drogaven;Indocid 50mg, 30 cápsulas gelatinosas;https://www.drogaven.com.br/indocid-50mg-30-capsulas-gelatinosas/p;49.21;0.0;0
7896770980986;29.39;Drogaven;Fralda Geriátrica Tena Confort Unissex M, pacote com 8 unidades;https://www.drogaven.com.br/fralda-geriatrica-tena-confort-unissex-m-pacote-com-8-unidades/p;29.39;0.0;0
7891010255039;29.39;Drogaven;Shampoo Johnson's Kids Blackinho Poderoso 400mL;https://www.drogaven.com.br/shampoo-johnsons-kids-blackinho-poderoso-400ml/p;29.39;0.0;0
7891350032406;9.79;Drogaven;Desodorante Masculino Bozzano sem perfume, sensitive, aerossol 150mL;https://www.drogaven.com.br/desodorante-bozzano-aero-sem-perf-90g/p;9.79;0.0;0
7894222036182;24.49;Drogaven;Batom Líquido Matte Dailus 12h sissone;https://www.drogaven.com.br/batom-liquido-matte-dailus-12h-sissone/p;24.49;0.0;0
7898938890090;13.62;Drogaven;ENERGETICO MONSTER ENERGY PEACHY KEEN ENERGETICO 473ML LATA;https://www.drogaven.com.br/energetico-monster-energy-peachy-keen-energetico-473ml-lata/p;13.62;0.0;0
7896006214007;23.22;Drogaven;Andriodermol frasco com 50mL de solução de uso dermatológico;https://www.drogaven.com.br/andriodermol-frasco-com-50ml-de-solucao-de-uso-dermatologico/p;23.22;0.0;0
4005900905611;106.92;Drogaven;Protetor Solar Facial Eucerin Pigment Control Tinted FPS 70, claro com 50mL;https://www.drogaven.com.br/protetor-solar-facial-eucerin-pigment-control-tinted-fps-70-claro-com-50ml/p;106.92;0.0;0
7896512941930;19.33;Drogaven;Sabonete de Glicerina Granado Bebê Relaxante camomila, refil, líquido 250mL;https://www.drogaven.com.br/sabonete-de-glicerina-granado-bebe-relaxante-camomila-refil-liquido-250ml/p;19.33;0.0;0
7891317424565;51.02;Drogaven;Meloxicam Eurofarma 15mg/1,5mL, 5 ampolas com 1,5mL de solução de uso intramuscular;https://www.drogaven.com.br/meloxicam-eurofarma-15mg15ml-5-ampolas-com-15ml-de-solucao-de-uso-intramuscular/p;51.02;0.0;0
7896111999554;6.56;Drogaven;Esmalte Glitter 3D Impala Viva, Ame e Brilhe Ninguém me Segura 7,5ml;https://www.drogaven.com.br/esmalte-impala-viva-ame-e-brilhe-glitter-ninguem-me-segura/p;6.56;0.0;0
7891142171719;27.23;Drogaven;Polaramine 2mg, 20 comprimidos revestidos;https://www.drogaven.com.br/polaramine-2mg-20-comprimidos-revestidos/p;27.23;0.0;0
7896548197967;98.86;Drogaven;Azorga 10mg/mL + 5mg/ml, frasco com 5mL de suspensão de uso oftálmico;https://www.drogaven.com.br/azorga-10mgml-5mgml-frasco-com-5ml-de-suspensao-de-uso-oftalmico/p;98.86;0.0;0
7896006216605;16.57;Drogaven;Xantinon Complex 40mg/mL + 53mg/mL + 50mg/mL, frasco com 100mL de solução de uso oral;https://www.drogaven.com.br/xantinon-complex-40mgml-53mgml-50mgml-frasco-com-100ml-de-solucao-de-uso-oral/p;16.57;0.0;0
7896637025362;132.96;Drogaven;Postec 2,5mg/g + 150UTR/g, bisnaga com 20g de pomada de uso dermatológico;https://www.drogaven.com.br/postec-25mgg-150utrg-bisnaga-com-20g-de-pomada-de-uso-dermatologico/p;132.96;0.0;0
7891024008799;12.73;Drogaven;Escova Dental Infantil Colgate Tandy 5+ anos, extra macia, sortida com 2 unidades;https://www.drogaven.com.br/escova-dental-infantil-colgate-tandy-5-anos-extra-macia-sortida-com-2-unidades/p;12.73;0.0;0
7891721201530;37.48;Drogaven;Glifage XR 850mg, 30 comprimidos de liberação prolongada;https://www.drogaven.com.br/glifage-xr-850mg-30-comprimidos-de-liberacao-prolongada/p;37.48;0.0;0
7891177801308;35.27;Drogaven;Hidratante Nivea Creme pote com 97g;https://www.drogaven.com.br/hidratante-nivea-creme-pote-com-97g/p;35.27;0.0;0
7891035010842;15.09;Drogaven;Strepsils 8,75mg, 8 pastilhas, mel e limão;https://www.drogaven.com.br/strepsils-875mg-8-pastilhas-mel-e-limao/p;15.09;0.0;0
7896033241762;19.59;Drogaven;Prendedor de Chupeta Lillo magia, azul;https://www.drogaven.com.br/prendedor-de-chupeta-lillo-magia-azul/p;19.59;0.0;0
7896111999028;5.28;Drogaven;Esmalte Cremoso Impala Ana Castela Roça Rosa 7,5ml;https://www.drogaven.com.br/esmalte-impala-ana-castela-roca-rosa/p;5.28;0.0;0
7896004738727;15.73;Drogaven;Nimesilam 100mg, 12 comprimidos;https://www.drogaven.com.br/nimesilam-100mg-12-comprimidos/p;15.73;0.0;0
7898650621965;25.27;Drogaven;Gloss Labial Vegano Ricosti incolor;https://www.drogaven.com.br/gloss-labial-vegano-ricosti-incolor/p;25.27;0.0;0
7897930778337;115.54;Drogaven;CETAPHIL LOCAO HID 473ML + LOCAO LIMPEZA 120ML;https://www.drogaven.com.br/cetaphil-locao-hid-473ml-locao-limpeza-120ml/p;115.54;0.0;0
7894916142656;48.76;Drogaven;Acetilcisteína Legrand 40mg/mL, frasco com 120mL de xarope adulto + copo medidor;https://www.drogaven.com.br/acetilcisteina-legrand-40mgml-frasco-com-120ml-de-xarope-adulto-copo-medidor/p;48.76;0.0;0
7896094922525;6.75;Drogaven;Neosaldina Muscular 10 Comprimidos Revestidos;https://www.drogaven.com.br/neosaldina-muscular-10cpr-rev/p;6.75;0.0;0
7896852616185;42.13;Drogaven;SHAMPOO AMEND EXPERTISE MARULA FABULOUS NUTRITION 250ML;https://www.drogaven.com.br/shampoo-amend-expertise-marula-fabulous-nutrition-250ml/p;42.13;0.0;0
7898414851911;87.12;Drogaven;Imecap Rejuvenescedor 60 cápsulas;https://www.drogaven.com.br/imecap-rejuvenescedor-60-capsulas/p;87.12;0.0;0
7896004757445;192.74;Drogaven;Latonan 0,05mg/mL + 5mg/mL, frasco com 2,5mL de solução de uso oftálmico;https://www.drogaven.com.br/latonan-005mgml-5mgml-frasco-com-25ml-de-solucao-de-uso-oftalmico/p;192.74;0.0;0
7896658008764;18.47;Drogaven;Levoid 50mcg, caixa contendo 30 comprimidos;https://www.drogaven.com.br/levoid-50mcg-caixa-contendo-30-comprimidos/p;18.47;0.0;0
7891317015343;27.93;Drogaven;Permese 5mg/mL + 2mg/mL, ampolas com 1mL de suspensão de uso injetável + seringa;https://www.drogaven.com.br/permese-5mgml-2mgml-ampolas-com-1ml-de-suspensao-de-uso-injetavel-seringa/p;27.93;0.0;0
7891182020312;4.89;Drogaven;Esmalte Glitter Risqué as mil purpurinas;https://www.drogaven.com.br/esmalte-glitter-risque-as-mil-purpurinas/p;4.89;0.0;0
7896007550906;24.4;Drogaven;Absorvente Intimus Gel Noturno seca, com abas, pacote com 30 unidades;https://www.drogaven.com.br/absorvente-intimus-gel-noturno-seca-com-abas-pacote-com-30-unidades/p;24.4;0.0;0
7891035000898;31.64;Drogaven;Repelente SBP Baby 2+ meses, loção com 100mL;https://www.drogaven.com.br/repelente-sbp-baby-2-meses-locao-com-100ml/p;31.64;0.0;0
7898216360864;22.25;Drogaven;Cloridrato de Lidocaína Geleia Pharlab 20mg/g, bisnaga com 30g de geleia de uso tópico;https://www.drogaven.com.br/lidocaina-20mgg-geleia-30g-pharlab-generico/p;22.25;0.0;0
7896094922129;27.31;Drogaven;Nenê Dent N 150mg/g + 3,40mg/g + 3,20mg/g, bisnaga com 10g de gel de uso bucal;https://www.drogaven.com.br/nene-dent-n-150mgg-340mgg-320mgg-bisnaga-com-10g-de-gel-de-uso-bucal/p;27.31;0.0;0
7908785485223;9.5;Drogaven;Esmalte Colorama Retrô Grace;https://www.drogaven.com.br/esmalte-colorama-retro-grace/p;9.5;0.0;0
